
(no author)     = Philip Johnson <philipmjohnson@gmail.com>
austen.ito      = Austen Ito <austen.ito@gmail.com>
cammymoore07    = Cam Moore <cammymoore07@gmail.com>
dport96         = Dan Port <dport96@gmail.com>
hongbing        = Hongbing Kou <hongbing@gmail.com>
jsakuda         = Julie Ann Sakuda <jsakuda@hawaii.edu>
kagawaa         = Aaron Kagawa <kagawaa@gmail.com>
kagawaa@gmail.com = Aaron Kagawa <kagawaa@gmail.com>
martin@edyll.de = Martin Imme <martin@edyll.de>
philipmjohnson  = Philip Johnson <philipmjohnson@gmail.com>
rbrewer         = Robert Brewer <rbrewer@lava.net>
rlcox0          = rlcox0 <philipmjohnson@gmail.com>
seninp          = Pavel Senin <seninp@gmail.com>
tryggvib@hi.is  = Tryggvi Bjoergvinsson <tryggvib@hi.is>
zsxking         = Shaoxuan Zhang <zsxking@gmail.com>
zsxking@gmail.com = Shaoxuan Zhang <zsxking@gmail.com>
